year,month,country_std,arrivals_country,source_temp,turkey_temp,temp_diff
2015,1,Bulgaria,99057,0.06129032258064509,6.406451612903226,-6.34516129032258
2015,1,France,24507,4.058064516129032,6.406451612903226,-2.3483870967741938
2015,1,Georgia,108047,2.329032258064516,6.406451612903226,-4.077419354838709
2015,1,Germany,115993,2.7516129032258063,6.406451612903226,-3.6548387096774193
2015,1,Iran,79716,3.393548387096774,6.406451612903226,-3.0129032258064514
2015,1,Netherlands,23903,4.316129032258065,6.406451612903226,-2.090322580645161
2015,1,Poland,7772,0.9419354838709677,6.406451612903226,-5.464516129032258
2015,1,Romania,15916,-0.9064516129032257,6.406451612903226,-7.312903225806451
2015,1,Russia,51058,-5.664516129032258,6.406451612903226,-12.070967741935483
2015,1,United Kingdom,30868,4.554838709677419,6.406451612903226,-1.8516129032258064
2015,2,Bulgaria,103108,0.7999999999999999,6.814285714285715,-6.014285714285715
2015,2,France,35272,3.5464285714285713,6.814285714285715,-3.2678571428571437
2015,2,Georgia,106413,3.9499999999999997,6.814285714285715,-2.864285714285715
2015,2,Germany,152911,1.1785714285714286,6.814285714285715,-5.635714285714286
2015,2,Iran,106916,4.432142857142857,6.814285714285715,-2.382142857142858
2015,2,Netherlands,32476,3.482142857142857,6.814285714285715,-3.3321428571428577
2015,2,Poland,7992,0.8857142857142858,6.814285714285715,-5.928571428571429
2015,2,Romania,18002,1.875,6.814285714285715,-4.939285714285715
2015,2,Russia,41444,-4.182142857142857,6.814285714285715,-10.996428571428572
2015,2,United Kingdom,44651,3.7642857142857147,6.814285714285715,-3.0500000000000003
2015,3,Bulgaria,113337,3.7806451612903227,8.016129032258064,-4.235483870967741
2015,3,France,33727,7.125806451612903,8.016129032258064,-0.8903225806451607
2015,3,Georgia,122423,6.564516129032258,8.016129032258064,-1.451612903225806
2015,3,Germany,279179,5.612903225806452,8.016129032258064,-2.403225806451612
2015,3,Iran,248884,7.84516129032258,8.016129032258064,-0.1709677419354838
2015,3,Netherlands,34144,6.012903225806451,8.016129032258064,-2.0032258064516126
2015,3,Poland,10438,4.783870967741936,8.016129032258064,-3.2322580645161283
2015,3,Romania,22100,6.280645161290322,8.016129032258064,-1.7354838709677418
2015,3,Russia,58338,-0.33225806451612905,8.016129032258064,-8.348387096774193
2015,3,United Kingdom,69251,6.377419354838709,8.016129032258064,-1.6387096774193548
2015,4,Bulgaria,156048,9.020000000000001,10.696666666666665,-1.676666666666664
2015,4,France,71749,11.023333333333333,10.696666666666665,0.326666666666668
2015,4,Georgia,135859,9.676666666666668,10.696666666666665,-1.0199999999999978
2015,4,Germany,381346,8.653333333333334,10.696666666666665,-2.0433333333333312
2015,4,Iran,92310,15.733333333333333,10.696666666666665,5.036666666666667
2015,4,Netherlands,104695,8.243333333333334,10.696666666666665,-2.4533333333333314
2015,4,Poland,19290,8.173333333333334,10.696666666666665,-2.5233333333333317
2015,4,Romania,30735,11.09,10.696666666666665,0.3933333333333344
2015,4,Russia,149879,4.9399999999999995,10.696666666666665,-5.756666666666666
2015,4,United Kingdom,136536,9.226666666666667,10.696666666666665,-1.4699999999999989
2015,5,Bulgaria,193939,16.716129032258067,17.529032258064515,-0.8129032258064477
2015,5,France,87234,13.516129032258064,17.529032258064515,-4.0129032258064505
2015,5,Georgia,192679,16.15483870967742,17.529032258064515,-1.374193548387094
2015,5,Germany,623685,13.312903225806451,17.529032258064515,-4.216129032258063
2015,5,Iran,128338,23.480645161290322,17.529032258064515,5.951612903225808
2015,5,Netherlands,179948,11.606451612903227,17.529032258064515,-5.922580645161288
2015,5,Poland,51337,13.19032258064516,17.529032258064515,-4.338709677419354
2015,5,Romania,34654,18.32903225806452,17.529032258064515,0.8000000000000043
2015,5,Russia,501196,13.600000000000001,17.529032258064515,-3.929032258064513
2015,5,United Kingdom,310840,11.774193548387096,17.529032258064515,-5.7548387096774185
2015,6,Bulgaria,162929,18.11,20.56,-2.4499999999999993
2015,6,France,75300,18.096666666666668,20.56,-2.463333333333331
2015,6,Georgia,159957,22.953333333333333,20.56,2.3933333333333344
2015,6,Germany,556649,16.763333333333332,20.56,-3.796666666666667
2015,6,Iran,153626,30.17,20.56,9.610000000000003
2015,6,Netherlands,107955,14.953333333333335,20.56,-5.606666666666664
2015,6,Poland,87909,17.686666666666667,20.56,-2.8733333333333313
2015,6,Romania,66361,21.346666666666668,20.56,0.7866666666666688
2015,6,Russia,652703,17.513333333333332,20.56,-3.046666666666667
2015,6,United Kingdom,358167,15.296666666666665,20.56,-5.263333333333334
2015,7,Bulgaria,172846,23.074193548387097,24.461290322580645,-1.387096774193548
2015,7,France,175031,21.325806451612905,24.461290322580645,-3.1354838709677395
2015,7,Georgia,201485,24.958064516129035,24.461290322580645,0.49677419354839003
2015,7,Germany,798295,20.070967741935487,24.461290322580645,-4.390322580645158
2015,7,Iran,210325,30.55806451612903,24.461290322580645,6.096774193548384
2015,7,Netherlands,277792,17.851612903225806,24.461290322580645,-6.609677419354838
2015,7,Poland,116425,20.1,24.461290322580645,-4.361290322580643
2015,7,Romania,60786,25.458064516129035,24.461290322580645,0.99677419354839
2015,7,Russia,686256,18.364516129032257,24.461290322580645,-6.096774193548388
2015,7,United Kingdom,421556,17.33225806451613,24.461290322580645,-7.129032258064516
2015,8,Bulgaria,179972,22.23225806451613,25.551612903225806,-3.3193548387096747
2015,8,France,140536,20.874193548387098,25.551612903225806,-4.677419354838708
2015,8,Georgia,203154,25.68064516129032,25.551612903225806,0.12903225806451601
2015,8,Germany,842024,22.532258064516128,25.551612903225806,-3.0193548387096776
2015,8,Iran,181886,29.41290322580645,25.551612903225806,3.8612903225806434
2015,8,Netherlands,172603,18.348387096774193,25.551612903225806,-7.203225806451613
2015,8,Poland,98281,22.79032258064516,25.551612903225806,-2.7612903225806456
2015,8,Romania,71095,24.687096774193545,25.551612903225806,-0.8645161290322605
2015,8,Russia,638469,17.60645161290323,25.551612903225806,-7.945161290322577
2015,8,United Kingdom,430760,16.919354838709676,25.551612903225806,-8.63225806451613
2015,9,Bulgaria,208771,18.913333333333334,22.94333333333333,-4.029999999999998
2015,9,France,64792,14.686666666666667,22.94333333333333,-8.256666666666664
2015,9,Georgia,209447,22.573333333333334,22.94333333333333,-0.36999999999999744
2015,9,Germany,664300,14.91,22.94333333333333,-8.033333333333331
2015,9,Iran,162130,23.7,22.94333333333333,0.7566666666666677
2015,9,Netherlands,114475,13.826666666666666,22.94333333333333,-9.116666666666665
2015,9,Poland,66166,15.610000000000001,22.94333333333333,-7.33333333333333
2015,9,Romania,52001,20.433333333333334,22.94333333333333,-2.509999999999998
2015,9,Russia,528960,13.826666666666666,22.94333333333333,-9.116666666666665
2015,9,United Kingdom,364013,13.34,22.94333333333333,-9.603333333333332
2015,10,Bulgaria,165164,10.812903225806451,16.429032258064517,-5.6161290322580655
2015,10,France,70667,11.438709677419356,16.429032258064517,-4.990322580645161
2015,10,Georgia,164886,13.558064516129033,16.429032258064517,-2.870967741935484
2015,10,Germany,730227,8.951612903225806,16.429032258064517,-7.477419354838711
2015,10,Iran,120920,18.383870967741935,16.429032258064517,1.9548387096774178
2015,10,Netherlands,117984,10.596774193548388,16.429032258064517,-5.832258064516129
2015,10,Poland,21140,7.474193548387096,16.429032258064517,-8.954838709677421
2015,10,Romania,27929,11.496774193548386,16.429032258064517,-4.93225806451613
2015,10,Russia,229125,3.925806451612903,16.429032258064517,-12.503225806451614
2015,10,United Kingdom,255803,11.470967741935485,16.429032258064517,-4.958064516129031
2015,11,Bulgaria,128303,7.5,13.606666666666666,-6.106666666666666
2015,11,France,33822,10.56,13.606666666666666,-3.046666666666665
2015,11,Georgia,156588,6.6466666666666665,13.606666666666666,-6.959999999999999
2015,11,Germany,258613,7.443333333333333,13.606666666666666,-6.163333333333332
2015,11,Iran,106439,6.8966666666666665,13.606666666666666,-6.709999999999999
2015,11,Netherlands,33527,9.99,13.606666666666666,-3.6166666666666654
2015,11,Poland,9028,5.506666666666666,13.606666666666666,-8.1
2015,11,Romania,23846,8.389999999999999,13.606666666666666,-5.216666666666667
2015,11,Russia,86090,-0.18333333333333332,13.606666666666666,-13.79
2015,11,United Kingdom,53141,9.96,13.606666666666666,-3.6466666666666647
2015,12,Bulgaria,138006,3.4709677419354836,8.061290322580644,-4.590322580645161
2015,12,France,34622,8.919354838709678,8.061290322580644,0.8580645161290334
2015,12,Georgia,150894,3.129032258064516,8.061290322580644,-4.9322580645161285
2015,12,Germany,177570,6.983870967741935,8.061290322580644,-1.0774193548387094
2015,12,Iran,108895,0.8225806451612904,8.061290322580644,-7.2387096774193544
2015,12,Netherlands,32985,9.509677419354839,8.061290322580644,1.4483870967741943
2015,12,Poland,5001,4.625806451612903,8.061290322580644,-3.435483870967741
2015,12,Romania,17672,3.609677419354839,8.061290322580644,-4.451612903225806
2015,12,Russia,25485,-0.43548387096774194,8.061290322580644,-8.496774193548386
2015,12,United Kingdom,36553,10.538709677419355,8.061290322580644,2.4774193548387107
2016,1,Bulgaria,98800,-0.8225806451612904,5.729032258064516,-6.551612903225806
2016,1,France,23130,5.158064516129032,5.729032258064516,-0.5709677419354833
2016,1,Georgia,113582,1.4580645161290322,5.729032258064516,-4.2709677419354835
2016,1,Germany,114208,-0.3548387096774194,5.729032258064516,-6.083870967741935
2016,1,Iran,92260,1.0483870967741935,5.729032258064516,-4.680645161290322
2016,1,Netherlands,24031,4.796774193548386,5.729032258064516,-0.9322580645161294
2016,1,Poland,5025,-3.2580645161290325,5.729032258064516,-8.987096774193548
2016,1,Romania,14750,-3.703225806451613,5.729032258064516,-9.432258064516128
2016,1,Russia,22106,-11.158064516129032,5.729032258064516,-16.887096774193548
2016,1,United Kingdom,31177,5.538709677419354,5.729032258064516,-0.1903225806451614
2016,2,Bulgaria,109532,6.441379310344828,9.86896551724138,-3.427586206896552
2016,2,France,32638,5.662068965517241,9.86896551724138,-4.206896551724139
2016,2,Georgia,152165,5.4206896551724135,9.86896551724138,-4.448275862068966
2016,2,Germany,138338,3.6551724137931036,9.86896551724138,-6.2137931034482765
2016,2,Iran,124962,4.386206896551724,9.86896551724138,-5.482758620689656
2016,2,Netherlands,32827,4.682758620689656,9.86896551724138,-5.186206896551724
2016,2,Poland,6192,3.1758620689655173,9.86896551724138,-6.6931034482758625
2016,2,Romania,18462,6.713793103448276,9.86896551724138,-3.155172413793104
2016,2,Russia,20074,-2.372413793103448,9.86896551724138,-12.241379310344827
2016,2,United Kingdom,37196,5.0344827586206895,9.86896551724138,-4.83448275862069
2016,3,Bulgaria,125992,6.529032258064516,9.961290322580645,-3.4322580645161285
2016,3,France,27654,6.296774193548386,9.961290322580645,-3.6645161290322585
2016,3,Georgia,166956,8.012903225806452,9.961290322580645,-1.9483870967741925
2016,3,Germany,231244,4.358064516129032,9.961290322580645,-5.603225806451613
2016,3,Iran,250611,9.680645161290323,9.961290322580645,-0.28064516129032135
2016,3,Netherlands,31238,5.212903225806452,9.961290322580645,-4.748387096774193
2016,3,Poland,6268,3.9387096774193546,9.961290322580645,-6.02258064516129
2016,3,Romania,20205,7.54516129032258,9.961290322580645,-2.4161290322580644
2016,3,Russia,23947,-2.096774193548387,9.961290322580645,-12.058064516129033
2016,3,United Kingdom,68537,5.638709677419355,9.961290322580645,-4.32258064516129
2016,4,Bulgaria,147880,13.756666666666666,14.723333333333333,-0.9666666666666668
2016,4,France,44576,9.276666666666667,14.723333333333333,-5.446666666666665
2016,4,Georgia,182249,12.976666666666667,14.723333333333333,-1.7466666666666661
2016,4,Germany,246226,8.7,14.723333333333333,-6.023333333333333
2016,4,Iran,93727,14.273333333333333,14.723333333333333,-0.4499999999999993
2016,4,Netherlands,103490,8.31,14.723333333333333,-6.413333333333332
2016,4,Poland,9412,9.293333333333333,14.723333333333333,-5.43
2016,4,Romania,24401,14.426666666666668,14.723333333333333,-0.2966666666666651
2016,4,Russia,31050,6.826666666666667,14.723333333333333,-7.896666666666666
2016,4,United Kingdom,103208,7.763333333333334,14.723333333333333,-6.959999999999999
2016,5,Bulgaria,164724,14.096774193548388,17.177419354838708,-3.0806451612903203
2016,5,France,44955,13.941935483870967,17.177419354838708,-3.235483870967741
2016,5,Georgia,229086,16.63225806451613,17.177419354838708,-0.5451612903225787
2016,5,Germany,427219,15.648387096774194,17.177419354838708,-1.5290322580645146
2016,5,Iran,132081,22.700000000000003,17.177419354838708,5.522580645161295
2016,5,Netherlands,99955,13.841935483870968,17.177419354838708,-3.3354838709677406
2016,5,Poland,23266,15.632258064516128,17.177419354838708,-1.5451612903225804
2016,5,Romania,29724,16.048387096774192,17.177419354838708,-1.129032258064516
2016,5,Russia,41004,14.061290322580644,17.177419354838708,-3.1161290322580637
2016,5,United Kingdom,219277,12.916129032258064,17.177419354838708,-4.261290322580644
2016,6,Bulgaria,136501,20.376666666666665,22.933333333333334,-2.5566666666666684
2016,6,France,45997,16.86,22.933333333333334,-6.073333333333334
2016,6,Georgia,194190,21.326666666666664,22.933333333333334,-1.6066666666666691
2016,6,Germany,345714,19.063333333333333,22.933333333333334,-3.870000000000001
2016,6,Iran,166313,27.19333333333333,22.933333333333334,4.259999999999998
2016,6,Netherlands,72925,16.18,22.933333333333334,-6.753333333333334
2016,6,Poland,35806,19.533333333333335,22.933333333333334,-3.3999999999999986
2016,6,Romania,55767,22.276666666666664,22.933333333333334,-0.6566666666666698
2016,6,Russia,45647,17.40666666666667,22.933333333333334,-5.526666666666664
2016,6,United Kingdom,233686,15.47,22.933333333333334,-7.463333333333333
2016,7,Bulgaria,167041,22.241935483870968,24.835483870967742,-2.5935483870967744
2016,7,France,128327,19.529032258064515,24.835483870967742,-5.306451612903228
2016,7,Georgia,210105,23.480645161290322,24.835483870967742,-1.35483870967742
2016,7,Germany,660532,20.29032258064516,24.835483870967742,-4.545161290322582
2016,7,Iran,133951,30.79032258064516,24.835483870967742,5.954838709677418
2016,7,Netherlands,201374,17.916129032258063,24.835483870967742,-6.91935483870968
2016,7,Poland,33638,19.683870967741935,24.835483870967742,-5.151612903225807
2016,7,Romania,49072,24.551612903225806,24.835483870967742,-0.28387096774193665
2016,7,Russia,47788,21.11935483870968,24.835483870967742,-3.7161290322580633
2016,7,United Kingdom,277857,17.903225806451612,24.835483870967742,-6.93225806451613
2016,8,Bulgaria,146502,21.003225806451614,24.98709677419355,-3.983870967741936
2016,8,France,80558,20.893548387096775,24.98709677419355,-4.093548387096774
2016,8,Georgia,218516,27.006451612903227,24.98709677419355,2.0193548387096776
2016,8,Germany,551380,19.287096774193547,24.98709677419355,-5.700000000000003
2016,8,Iran,124002,28.938709677419357,24.98709677419355,3.951612903225808
2016,8,Netherlands,138514,18.14516129032258,24.98709677419355,-6.841935483870969
2016,8,Poland,34012,18.73225806451613,24.98709677419355,-6.2548387096774185
2016,8,Romania,52036,23.661290322580644,24.98709677419355,-1.3258064516129053
2016,8,Russia,104549,19.325806451612905,24.98709677419355,-5.661290322580644
2016,8,United Kingdom,275552,18.203225806451613,24.98709677419355,-6.783870967741937
2016,9,Bulgaria,192006,17.34333333333333,21.363333333333333,-4.020000000000003
2016,9,France,35536,19.03666666666667,21.363333333333333,-2.3266666666666644
2016,9,Georgia,222694,18.513333333333332,21.363333333333333,-2.8500000000000014
2016,9,Germany,424447,18.953333333333333,21.363333333333333,-2.41
2016,9,Iran,186772,25.476666666666667,21.363333333333333,4.113333333333333
2016,9,Netherlands,75547,18.176666666666666,21.363333333333333,-3.1866666666666674
2016,9,Poland,26427,16.5,21.363333333333333,-4.863333333333333
2016,9,Romania,36423,19.28666666666667,21.363333333333333,-2.0766666666666644
2016,9,Russia,207987,11.433333333333334,21.363333333333333,-9.93
2016,9,United Kingdom,234710,17.263333333333332,21.363333333333333,-4.100000000000001
2016,10,Bulgaria,147002,10.341935483870968,15.816129032258065,-5.474193548387097
2016,10,France,40539,11.493548387096775,15.816129032258065,-4.32258064516129
2016,10,Georgia,178386,11.067741935483872,15.816129032258065,-4.748387096774193
2016,10,Germany,491059,9.212903225806452,15.816129032258065,-6.603225806451613
2016,10,Iran,136789,17.870967741935484,15.816129032258065,2.054838709677419
2016,10,Netherlands,78643,10.51290322580645,15.816129032258065,-5.303225806451614
2016,10,Poland,15586,7.809677419354839,15.816129032258065,-8.006451612903227
2016,10,Romania,21551,10.332258064516129,15.816129032258065,-5.483870967741936
2016,10,Russia,222719,4.351612903225806,15.816129032258065,-11.464516129032258
2016,10,United Kingdom,166099,11.245161290322581,15.816129032258065,-4.570967741935483
2016,11,Bulgaria,123452,5.493333333333334,11.96,-6.466666666666667
2016,11,France,23356,7.4399999999999995,11.96,-4.520000000000001
2016,11,Georgia,173968,4.989999999999999,11.96,-6.9700000000000015
2016,11,Germany,131217,3.9066666666666667,11.96,-8.053333333333335
2016,11,Iran,118246,8.26,11.96,-3.700000000000001
2016,11,Netherlands,22432,6.1066666666666665,11.96,-5.853333333333334
2016,11,Poland,6038,3.4,11.96,-8.56
2016,11,Romania,19350,5.510000000000001,11.96,-6.45
2016,11,Russia,55288,-3.5433333333333334,11.96,-15.503333333333334
2016,11,United Kingdom,34692,6.513333333333334,11.96,-5.446666666666667
2016,12,Bulgaria,131334,-0.47419354838709676,5.351612903225806,-5.825806451612904
2016,12,France,27885,3.5580645161290323,5.351612903225806,-1.793548387096774
2016,12,Georgia,164369,1.0032258064516129,5.351612903225806,-4.348387096774194
2016,12,Germany,128490,2.6258064516129034,5.351612903225806,-2.725806451612903
2016,12,Iran,105446,2.9451612903225803,5.351612903225806,-2.406451612903226
2016,12,Netherlands,25360,5.664516129032258,5.351612903225806,0.31290322580645125
2016,12,Poland,4031,0.9612903225806452,5.351612903225806,-4.390322580645162
2016,12,Romania,15732,-0.27419354838709675,5.351612903225806,-5.625806451612903
2016,12,Russia,44097,-5.274193548387097,5.351612903225806,-10.625806451612902
2016,12,United Kingdom,29490,6.199999999999999,5.351612903225806,0.8483870967741929
2017,1,Bulgaria,77879,-5.964516129032258,2.767741935483871,-8.73225806451613
2017,1,France,17566,1.261290322580645,2.767741935483871,-1.5064516129032257
2017,1,Georgia,140988,1.464516129032258,2.767741935483871,-1.303225806451613
2017,1,Germany,78750,-1.5419354838709676,2.767741935483871,-4.309677419354839
2017,1,Iran,101636,4.367741935483871,2.767741935483871,1.6000000000000005
2017,1,Netherlands,18888,1.5548387096774194,2.767741935483871,-1.2129032258064514
2017,1,Poland,4152,-4.019354838709678,2.767741935483871,-6.787096774193548
2017,1,Romania,12744,-6.087096774193548,2.767741935483871,-8.85483870967742
2017,2,Bulgaria,106026,2.5321428571428575,6.210714285714286,-3.678571428571429
2017,2,France,25030,6.5321428571428575,6.210714285714286,0.3214285714285712
2017,2,Georgia,140463,1.9321428571428572,6.210714285714286,-4.278571428571429
2017,2,Germany,96775,1.6892857142857143,6.210714285714286,-4.521428571428572
2017,2,Iran,130596,4.082142857142857,6.210714285714286,-2.128571428571429
2017,2,Netherlands,24676,4.810714285714285,6.210714285714286,-1.4000000000000012
2017,2,Poland,4386,-0.8392857142857143,6.210714285714286,-7.050000000000001
2017,2,Romania,15589,-0.33214285714285713,6.210714285714286,-6.542857142857144
2017,3,Bulgaria,141648,7.841935483870968,8.893548387096773,-1.0516129032258057
2017,3,France,23686,9.780645161290321,8.893548387096773,0.887096774193548
2017,3,Georgia,177564,7.887096774193548,8.893548387096773,-1.0064516129032253
2017,3,Germany,130310,6.699999999999999,8.893548387096773,-2.193548387096774
2017,3,Iran,262336,10.458064516129031,8.893548387096773,1.564516129032258
2017,3,Netherlands,25279,7.970967741935484,8.893548387096773,-0.9225806451612897
2017,3,Poland,4765,5.829032258064516,8.893548387096773,-3.064516129032257
2017,3,Romania,19849,8.496774193548386,8.893548387096773,-0.39677419354838683
2017,4,Bulgaria,147231,9.896666666666667,11.386666666666667,-1.4900000000000002
2017,4,France,40663,9.69,11.386666666666667,-1.6966666666666672
2017,4,Georgia,180478,11.620000000000001,11.386666666666667,0.23333333333333428
2017,4,Germany,262730,7.760000000000001,11.386666666666667,-3.626666666666666
2017,4,Iran,119998,17.253333333333334,11.386666666666667,5.866666666666667
2017,4,Netherlands,73351,8.28,11.386666666666667,-3.1066666666666674
2017,4,Poland,13569,7.4399999999999995,11.386666666666667,-3.946666666666667
2017,4,Romania,23726,10.406666666666666,11.386666666666667,-0.9800000000000004
2017,6,Bulgaria,160870,20.029999999999998,21.56,-1.5300000000000011
2017,6,France,44019,20.073333333333334,21.56,-1.4866666666666646
2017,6,Georgia,198316,21.046666666666667,21.56,-0.5133333333333319
2017,6,Germany,383172,18.08,21.56,-3.4800000000000004
2017,6,Iran,232471,29.853333333333335,21.56,8.293333333333337
2017,6,Netherlands,57439,17.376666666666665,21.56,-4.183333333333334
2017,6,Poland,43407,18.256666666666668,21.56,-3.303333333333331
2017,6,Romania,60208,21.863333333333333,21.56,0.30333333333333456
2017,7,Bulgaria,173491,21.60967741935484,23.85483870967742,-2.2451612903225815
2017,7,France,147691,20.200000000000003,23.85483870967742,-3.654838709677417
2017,7,Georgia,265024,25.80322580645161,23.85483870967742,1.9483870967741908
2017,7,Germany,680616,18.24516129032258,23.85483870967742,-5.609677419354838
2017,7,Iran,253950,31.725806451612904,23.85483870967742,7.870967741935484
2017,7,Netherlands,190810,17.496774193548386,23.85483870967742,-6.3580645161290334
2017,7,Poland,53573,18.6,23.85483870967742,-5.2548387096774185
2017,7,Romania,62170,23.01290322580645,23.85483870967742,-0.8419354838709694
2017,8,Bulgaria,162565,21.96451612903226,23.848387096774193,-1.8838709677419345
2017,8,France,93077,19.174193548387095,23.848387096774193,-4.674193548387098
2017,8,Georgia,258525,27.322580645161292,23.848387096774193,3.474193548387099
2017,8,Germany,572837,18.770967741935483,23.848387096774193,-5.07741935483871
2017,8,Iran,298914,30.687096774193545,23.848387096774193,6.838709677419352
2017,8,Netherlands,129813,17.203225806451613,23.848387096774193,-6.64516129032258
2017,8,Poland,52488,19.66774193548387,23.848387096774193,-4.180645161290322
2017,8,Romania,70662,23.948387096774194,23.848387096774193,0.10000000000000142
2017,9,Bulgaria,232175,17.740000000000002,21.753333333333334,-4.013333333333332
2017,9,France,42358,15.046666666666665,21.753333333333334,-6.706666666666669
2017,9,Georgia,262251,23.09333333333333,21.753333333333334,1.3399999999999963
2017,9,Germany,422955,14.05,21.753333333333334,-7.703333333333333
2017,9,Iran,336562,27.31,21.753333333333334,5.556666666666665
2017,9,Netherlands,77161,13.88,21.753333333333334,-7.873333333333333
2017,9,Poland,49650,14.166666666666666,21.753333333333334,-7.586666666666668
2017,9,Romania,51964,19.23,21.753333333333334,-2.5233333333333334
2017,10,Bulgaria,173948,11.106451612903227,14.919354838709678,-3.8129032258064512
2017,10,France,48046,13.683870967741935,14.919354838709678,-1.2354838709677427
2017,10,Georgia,212767,13.296774193548387,14.919354838709678,-1.6225806451612907
2017,10,Germany,412855,11.796774193548387,14.919354838709678,-3.1225806451612907
2017,10,Iran,222356,19.496774193548386,14.919354838709678,4.5774193548387085
2017,10,Netherlands,84522,13.64516129032258,14.919354838709678,-1.2741935483870979
2017,10,Poland,25828,10.17741935483871,14.919354838709678,-4.741935483870968
2017,10,Romania,28894,12.04516129032258,14.919354838709678,-2.8741935483870975
2017,11,Bulgaria,148111,5.593333333333334,11.376666666666667,-5.783333333333333
2017,11,France,25677,7.6,11.376666666666667,-3.7766666666666673
2017,11,Georgia,179429,8.373333333333333,11.376666666666667,-3.003333333333334
2017,11,Germany,115890,5.846666666666667,11.376666666666667,-5.53
2017,11,Iran,196393,13.34,11.376666666666667,1.963333333333333
2017,11,Netherlands,24574,7.673333333333333,11.376666666666667,-3.703333333333334
2017,11,Poland,8802,4.876666666666667,11.376666666666667,-6.5
2017,11,Romania,28446,6.88,11.376666666666667,-4.496666666666667
2017,12,Bulgaria,163298,2.325806451612903,9.812903225806451,-7.487096774193548
2017,12,France,32818,5.403225806451613,9.812903225806451,-4.409677419354838
2017,12,Georgia,187463,4.961290322580646,9.812903225806451,-4.8516129032258055
2017,12,Germany,132756,3.193548387096774,9.812903225806451,-6.619354838709677
2017,12,Iran,187292,8.187096774193549,9.812903225806451,-1.6258064516129025
2017,12,Netherlands,28756,4.970967741935484,9.812903225806451,-4.841935483870968
2017,12,Poland,7006,2.361290322580645,9.812903225806451,-7.451612903225806
2017,12,Romania,21427,3.206451612903226,9.812903225806451,-6.606451612903225
2018,1,Bulgaria,119296,1.2064516129032257,6.532258064516129,-5.325806451612904
2018,1,France,23658,7.238709677419355,6.532258064516129,0.7064516129032263
2018,1,Georgia,150849,3.4451612903225803,6.532258064516129,-3.0870967741935487
2018,1,Germany,86875,3.0548387096774197,6.532258064516129,-3.4774193548387093
2018,1,Iran,154296,5.148387096774194,6.532258064516129,-1.3838709677419354
2018,1,Netherlands,22416,5.280645161290322,6.532258064516129,-1.2516129032258068
2018,1,Poland,7628,0.45483870967741935,6.532258064516129,-6.077419354838709
2018,1,Romania,17824,0.832258064516129,6.532258064516129,-5.7
2018,2,Bulgaria,112078,1.3428571428571427,7.560714285714285,-6.2178571428571425
2018,2,France,31493,1.3285714285714285,7.560714285714285,-6.232142857142857
2018,2,Georgia,156598,5.482142857142857,7.560714285714285,-2.0785714285714283
2018,2,Germany,109729,-1.5285714285714285,7.560714285714285,-9.089285714285714
2018,2,Iran,196125,6.985714285714286,7.560714285714285,-0.5749999999999993
2018,2,Netherlands,29226,0.8535714285714285,7.560714285714285,-6.707142857142856
2018,2,Poland,7915,-3.0214285714285714,7.560714285714285,-10.582142857142856
2018,2,Romania,19803,1.1071428571428572,7.560714285714285,-6.453571428571427
2018,3,Bulgaria,146244,4.770967741935484,10.22258064516129,-5.451612903225806
2018,3,France,32595,6.425806451612903,10.22258064516129,-3.796774193548387
2018,3,Georgia,168005,9.041935483870969,10.22258064516129,-1.1806451612903217
2018,3,Germany,220198,1.3225806451612903,10.22258064516129,-8.9
2018,3,Iran,387825,16.096774193548388,10.22258064516129,5.8741935483870975
2018,3,Netherlands,28307,4.296774193548388,10.22258064516129,-5.925806451612902
2018,3,Poland,10735,0.4838709677419355,10.22258064516129,-9.738709677419354
2018,3,Romania,27043,2.864516129032258,10.22258064516129,-7.358064516129033
2018,4,Bulgaria,202026,14.116666666666667,14.09,0.026666666666667282
2018,4,France,62003,12.556666666666667,14.09,-1.5333333333333332
2018,4,Georgia,175776,12.51,14.09,-1.58
2018,4,Germany,254863,12.686666666666667,14.09,-1.4033333333333324
2018,4,Iran,119771,16.223333333333333,14.09,2.133333333333333
2018,4,Netherlands,101714,11.393333333333334,14.09,-2.6966666666666654
2018,4,Poland,30693,13.456666666666667,14.09,-0.6333333333333329
2018,4,Romania,39140,15.366666666666667,14.09,1.2766666666666673
2018,5,Bulgaria,197324,17.135483870967743,18.125806451612902,-0.9903225806451594
2018,5,France,51284,15.516129032258064,18.125806451612902,-2.6096774193548384
2018,5,Georgia,203232,19.351612903225806,18.125806451612902,1.225806451612904
2018,5,Germany,436887,17.641935483870967,18.125806451612902,-0.48387096774193594
2018,5,Iran,122086,21.138709677419353,18.125806451612902,3.0129032258064505
2018,5,Netherlands,107952,15.67741935483871,18.125806451612902,-2.4483870967741925
2018,5,Poland,72961,18.212903225806453,18.125806451612902,0.08709677419355089
2018,5,Romania,45882,19.251612903225805,18.125806451612902,1.1258064516129025
2018,6,Bulgaria,210989,19.336666666666666,22.14333333333333,-2.806666666666665
2018,6,France,53909,18.646666666666665,22.14333333333333,-3.496666666666666
2018,6,Georgia,194566,22.826666666666664,22.14333333333333,0.6833333333333336
2018,6,Germany,451699,19.23,22.14333333333333,-2.9133333333333304
2018,6,Iran,162008,29.273333333333333,22.14333333333333,7.130000000000003
2018,6,Netherlands,81272,16.63,22.14333333333333,-5.513333333333332
2018,6,Poland,105539,19.35,22.14333333333333,-2.7933333333333294
2018,6,Romania,103793,22.490000000000002,22.14333333333333,0.3466666666666711
2018,7,Bulgaria,181878,20.33225806451613,24.654838709677417,-4.322580645161288
2018,7,France,162767,22.896774193548385,24.654838709677417,-1.758064516129032
2018,7,Georgia,190309,26.958064516129035,24.654838709677417,2.303225806451618
2018,7,Germany,761278,21.20967741935484,24.654838709677417,-3.4451612903225772
2018,7,Iran,175069,34.248387096774195,24.654838709677417,9.593548387096778
2018,7,Netherlands,218685,20.112903225806452,24.654838709677417,-4.541935483870965
2018,7,Poland,115336,20.874193548387098,24.654838709677417,-3.7806451612903196
2018,7,Romania,94192,22.24516129032258,24.654838709677417,-2.4096774193548356
2018,8,Bulgaria,235364,21.661290322580644,25.480645161290322,-3.8193548387096783
2018,8,France,119702,20.68064516129032,25.480645161290322,-4.800000000000001
2018,8,Georgia,204092,23.94516129032258,25.480645161290322,-1.5354838709677416
2018,8,Germany,654737,21.961290322580645,25.480645161290322,-3.5193548387096776
2018,8,Iran,190607,32.225806451612904,25.480645161290322,6.7451612903225815
2018,8,Netherlands,156388,18.30322580645161,25.480645161290322,-7.177419354838712
2018,8,Poland,118890,21.138709677419353,25.480645161290322,-4.341935483870969
2018,8,Romania,110073,24.393548387096775,25.480645161290322,-1.0870967741935473
2018,9,Bulgaria,308066,17.336666666666666,20.959999999999997,-3.6233333333333313
2018,9,France,53257,16.98,20.959999999999997,-3.979999999999997
2018,9,Georgia,195850,21.333333333333332,20.959999999999997,0.37333333333333485
2018,9,Germany,589754,16.743333333333332,20.959999999999997,-4.216666666666665
2018,9,Iran,170687,27.363333333333333,20.959999999999997,6.403333333333336
2018,9,Netherlands,100876,15.046666666666665,20.959999999999997,-5.913333333333332
2018,9,Poland,103953,16.153333333333332,20.959999999999997,-4.806666666666665
2018,9,Romania,79012,19.33,20.959999999999997,-1.629999999999999
2018,10,Bulgaria,254997,12.825806451612904,16.76774193548387,-3.9419354838709655
2018,10,France,67114,13.435483870967742,16.76774193548387,-3.332258064516127
2018,10,Georgia,153201,16.00967741935484,16.76774193548387,-0.7580645161290285
2018,10,Germany,589626,11.374193548387098,16.76774193548387,-5.3935483870967715
2018,10,Iran,110427,19.08709677419355,16.76774193548387,2.319354838709682
2018,10,Netherlands,103477,12.458064516129031,16.76774193548387,-4.309677419354838
2018,10,Poland,45443,10.474193548387097,16.76774193548387,-6.293548387096772
2018,10,Romania,43625,14.019354838709678,16.76774193548387,-2.7483870967741915
2018,11,Bulgaria,212482,6.173333333333333,12.426666666666668,-6.253333333333335
2018,11,France,33889,7.723333333333333,12.426666666666668,-4.703333333333335
2018,11,Georgia,137301,8.613333333333333,12.426666666666668,-3.8133333333333344
2018,11,Germany,178421,5.4766666666666675,12.426666666666668,-6.95
2018,11,Iran,105292,10.573333333333332,12.426666666666668,-1.8533333333333353
2018,11,Netherlands,30242,6.8100000000000005,12.426666666666668,-5.616666666666667
2018,11,Poland,14812,4.5,12.426666666666668,-7.926666666666668
2018,11,Romania,35883,5.3566666666666665,12.426666666666668,-7.070000000000001
2018,12,Bulgaria,206141,0.3225806451612903,6.741935483870968,-6.419354838709678
2018,12,France,39708,6.47741935483871,6.741935483870968,-0.2645161290322582
2018,12,Georgia,139613,4.770967741935484,6.741935483870968,-1.9709677419354836
2018,12,Germany,178293,4.141935483870968,6.741935483870968,-2.5999999999999996
2018,12,Iran,107551,7.409677419354838,6.741935483870968,0.6677419354838703
2018,12,Netherlands,33087,6.148387096774194,6.741935483870968,-0.5935483870967744
2018,12,Poland,12460,1.361290322580645,6.741935483870968,-5.380645161290323
2018,12,Romania,25214,-0.37741935483870964,6.741935483870968,-7.119354838709677
2019,1,Bulgaria,133806,-0.6258064516129032,6.170967741935484,-6.796774193548387
2019,1,France,28020,3.5580645161290323,6.170967741935484,-2.6129032258064515
2019,1,Georgia,112376,3.825806451612903,6.170967741935484,-2.3451612903225807
2019,1,Germany,102120,1.132258064516129,6.170967741935484,-5.038709677419355
2019,1,Iran,96603,4.670967741935484,6.170967741935484,-1.5
2019,1,Netherlands,25059,3.787096774193548,6.170967741935484,-2.383870967741936
2019,1,Poland,12835,-1.7258064516129032,6.170967741935484,-7.896774193548387
2019,1,Romania,20349,-1.461290322580645,6.170967741935484,-7.632258064516129
2019,2,Bulgaria,140669,2.1785714285714284,6.396428571428571,-4.217857142857143
2019,2,France,40040,6.0249999999999995,6.396428571428571,-0.3714285714285719
2019,2,Georgia,120364,4.610714285714286,6.396428571428571,-1.7857142857142856
2019,2,Germany,133612,4.007142857142857,6.396428571428571,-2.3892857142857142
2019,2,Iran,110201,5.482142857142857,6.396428571428571,-0.9142857142857146
2019,2,Netherlands,32786,6.067857142857143,6.396428571428571,-0.3285714285714283
2019,2,Poland,13234,2.975,6.396428571428571,-3.4214285714285713
2019,2,Romania,25084,2.7714285714285714,6.396428571428571,-3.625
2019,3,Bulgaria,208237,8.187096774193549,8.770967741935483,-0.5838709677419338
2019,3,France,39680,8.851612903225808,8.770967741935483,0.08064516129032562
2019,3,Georgia,138371,6.800000000000001,8.770967741935483,-1.9709677419354819
2019,3,Germany,191692,6.874193548387097,8.770967741935483,-1.896774193548386
2019,3,Iran,240299,9.219354838709679,8.770967741935483,0.4483870967741961
2019,3,Netherlands,36409,7.574193548387097,8.770967741935483,-1.1967741935483858
2019,3,Poland,13497,5.761290322580645,8.770967741935483,-3.009677419354838
2019,3,Romania,32106,8.551612903225807,8.770967741935483,-0.2193548387096751
2019,4,Bulgaria,256072,10.853333333333333,11.683333333333334,-0.8300000000000001
2019,4,France,73920,10.620000000000001,11.683333333333334,-1.0633333333333326
2019,4,Georgia,140836,11.503333333333334,11.683333333333334,-0.17999999999999972
2019,4,Germany,376059,10.626666666666667,11.683333333333334,-1.0566666666666666
2019,4,Iran,111673,13.856666666666666,11.683333333333334,2.173333333333332
2019,4,Netherlands,127970,10.246666666666666,11.683333333333334,-1.4366666666666674
2019,4,Poland,45194,10.316666666666666,11.683333333333334,-1.3666666666666671
2019,4,Romania,53149,11.006666666666666,11.683333333333334,-0.6766666666666676
2019,5,Bulgaria,243933,14.625806451612902,18.351612903225806,-3.725806451612904
2019,5,France,54836,12.76774193548387,18.351612903225806,-5.583870967741936
2019,5,Georgia,185118,18.583870967741937,18.351612903225806,0.23225806451613096
2019,5,Germany,410374,12.661290322580646,18.351612903225806,-5.6903225806451605
2019,5,Iran,141935,23.858064516129033,18.351612903225806,5.506451612903227
2019,5,Netherlands,105574,11.296774193548387,18.351612903225806,-7.054838709677419
2019,5,Poland,98513,13.516129032258064,18.351612903225806,-4.835483870967742
2019,5,Romania,57018,16.874193548387098,18.351612903225806,-1.477419354838709
2019,6,Bulgaria,253563,20.413333333333334,23.803333333333335,-3.3900000000000006
2019,6,France,74836,19.02,23.803333333333335,-4.783333333333335
2019,6,Georgia,160823,25.563333333333333,23.803333333333335,1.759999999999998
2019,6,Germany,588508,23.023333333333333,23.803333333333335,-0.7800000000000011
2019,6,Iran,181435,30.67,23.803333333333335,6.866666666666667
2019,6,Netherlands,95527,17.41,23.803333333333335,-6.393333333333334
2019,6,Poland,139118,22.723333333333336,23.803333333333335,-1.0799999999999983
2019,6,Romania,124988,22.9,23.803333333333335,-0.903333333333336
2019,7,Bulgaria,208509,21.654838709677417,23.4,-1.7451612903225815
2019,7,France,197985,21.458064516129035,23.4,-1.9419354838709637
2019,7,Georgia,209026,24.55806451612903,23.4,1.1580645161290306
2019,7,Germany,868307,20.345161290322583,23.4,-3.0548387096774157
2019,7,Iran,218858,33.76774193548387,23.4,10.36774193548387
2019,7,Netherlands,242355,18.312903225806455,23.4,-5.087096774193544
2019,7,Poland,156049,19.238709677419354,23.4,-4.161290322580644
2019,7,Romania,109266,22.951612903225808,23.4,-0.44838709677419075
2019,8,Bulgaria,249150,23.225806451612904,24.312903225806455,-1.0870967741935509
2019,8,France,148053,20.02258064516129,24.312903225806455,-4.290322580645164
2019,8,Georgia,206465,25.36774193548387,24.312903225806455,1.0548387096774157
2019,8,Germany,713527,21.129032258064516,24.312903225806455,-3.183870967741939
2019,8,Iran,276474,31.448387096774194,24.312903225806455,7.1354838709677395
2019,8,Netherlands,164449,18.35483870967742,24.312903225806455,-5.958064516129035
2019,8,Poland,156945,20.84193548387097,24.312903225806455,-3.4709677419354854
2019,8,Romania,137983,24.67096774193548,24.312903225806455,0.35806451612902634
2019,9,Bulgaria,301955,18.466666666666665,21.14,-2.6733333333333356
2019,9,France,64874,16.956666666666667,21.14,-4.183333333333334
2019,9,Georgia,223732,18.773333333333333,21.14,-2.366666666666667
2019,9,Germany,625138,15.383333333333333,21.14,-5.756666666666668
2019,9,Iran,262550,27.296666666666667,21.14,6.156666666666666
2019,9,Netherlands,109451,14.816666666666666,21.14,-6.323333333333334
2019,9,Poland,141435,15.063333333333333,21.14,-6.076666666666668
2019,9,Romania,91133,20.033333333333335,21.14,-1.1066666666666656
2019,10,Bulgaria,258550,14.438709677419356,17.67096774193548,-3.2322580645161256
2019,10,France,71621,13.270967741935483,17.67096774193548,-4.399999999999999
2019,10,Georgia,170491,16.90967741935484,17.67096774193548,-0.761290322580642
2019,10,Germany,640157,11.412903225806453,17.67096774193548,-6.2580645161290285
2019,10,Iran,185358,19.716129032258067,17.67096774193548,2.0451612903225858
2019,10,Netherlands,112328,11.635483870967741,17.67096774193548,-6.03548387096774
2019,10,Poland,71820,11.429032258064517,17.67096774193548,-6.241935483870964
2019,10,Romania,46764,13.46774193548387,17.67096774193548,-4.203225806451611
2019,11,Bulgaria,230220,9.713333333333333,15.276666666666667,-5.563333333333334
2019,11,France,39816,7.64,15.276666666666667,-7.636666666666668
2019,11,Georgia,163632,7.826666666666667,15.276666666666667,-7.45
2019,11,Germany,186132,6.316666666666666,15.276666666666667,-8.96
2019,11,Iran,142736,9.006666666666666,15.276666666666667,-6.270000000000001
2019,11,Netherlands,31855,6.33,15.276666666666667,-8.946666666666667
2019,11,Poland,20589,6.463333333333334,15.276666666666667,-8.813333333333333
2019,11,Romania,34321,10.31,15.276666666666667,-4.966666666666667
2019,12,Bulgaria,228800,2.738709677419355,9.125806451612902,-6.387096774193548
2019,12,France,42276,6.274193548387097,9.125806451612902,-2.8516129032258055
2019,12,Georgia,164020,5.683870967741935,9.125806451612902,-3.4419354838709673
2019,12,Germany,191846,4.1,9.125806451612902,-5.025806451612903
2019,12,Iran,134768,7.199999999999999,9.125806451612902,-1.9258064516129032
2019,12,Netherlands,33527,5.906451612903226,9.125806451612902,-3.219354838709677
2019,12,Poland,11610,3.403225806451613,9.125806451612902,-5.7225806451612895
2019,12,Romania,31159,3.6129032258064515,9.125806451612902,-5.5129032258064505
2020,1,Bulgaria,162199,0.9870967741935485,6.158064516129032,-5.170967741935484
2020,1,France,31356,5.848387096774193,6.158064516129032,-0.3096774193548395
2020,1,Georgia,132674,2.725806451612903,6.158064516129032,-3.4322580645161294
2020,1,Germany,122416,4.080645161290323,6.158064516129032,-2.0774193548387094
2020,1,Iran,120527,3.0999999999999996,6.158064516129032,-3.0580645161290327
2020,1,Netherlands,27304,6.429032258064517,6.158064516129032,0.27096774193548434
2020,1,Poland,12508,2.425806451612903,6.158064516129032,-3.732258064516129
2020,1,Romania,24822,0.7,6.158064516129032,-5.458064516129032
2020,2,Bulgaria,152344,3.9344827586206894,7.682758620689656,-3.7482758620689665
2020,2,France,44930,8.23448275862069,7.682758620689656,0.5517241379310338
2020,2,Georgia,132539,4.317241379310345,7.682758620689656,-3.365517241379311
2020,2,Germany,159084,5.789655172413793,7.682758620689656,-1.8931034482758626
2020,2,Iran,97547,6.410344827586207,7.682758620689656,-1.272413793103449
2020,2,Netherlands,37395,6.996551724137931,7.682758620689656,-0.6862068965517247
2020,2,Poland,13580,3.848275862068965,7.682758620689656,-3.8344827586206907
2020,2,Romania,26166,4.493103448275862,7.682758620689656,-3.1896551724137936
2020,3,Bulgaria,78677,5.783870967741936,9.45483870967742,-3.670967741935484
2020,3,France,17097,7.783870967741936,9.45483870967742,-1.6709677419354838
2020,3,Georgia,62697,10.01290322580645,9.45483870967742,0.558064516129031
2020,3,Germany,74761,5.109677419354839,9.45483870967742,-4.34516129032258
2020,3,Iran,1974,11.425806451612903,9.45483870967742,1.9709677419354836
2020,3,Netherlands,13660,6.396774193548387,9.45483870967742,-3.0580645161290327
2020,3,Poland,4768,4.735483870967743,9.45483870967742,-4.719354838709677
2020,3,Romania,15003,8.280645161290321,9.45483870967742,-1.1741935483870982
2020,4,Bulgaria,6240,9.31,10.806666666666667,-1.4966666666666661
2020,4,France,103,13.65,10.806666666666667,2.8433333333333337
2020,4,Georgia,1760,10.25,10.806666666666667,-0.5566666666666666
2020,4,Germany,435,10.256666666666666,10.806666666666667,-0.5500000000000007
2020,4,Iran,60,14.073333333333332,10.806666666666667,3.2666666666666657
2020,4,Netherlands,356,10.266666666666667,10.806666666666667,-0.5399999999999991
2020,4,Poland,69,9.213333333333333,10.806666666666667,-1.5933333333333337
2020,4,Romania,1375,12.253333333333334,10.806666666666667,1.4466666666666672
2020,5,Bulgaria,6785,15.312903225806451,16.638709677419353,-1.3258064516129018
2020,5,France,55,15.251612903225807,16.638709677419353,-1.3870967741935463
2020,5,Georgia,3061,17.274193548387096,16.638709677419353,0.6354838709677431
2020,5,Germany,396,12.506451612903225,16.638709677419353,-4.132258064516128
2020,5,Iran,70,23.68064516129032,16.638709677419353,7.041935483870969
2020,5,Netherlands,285,12.593548387096773,16.638709677419353,-4.04516129032258
2020,5,Poland,404,11.83548387096774,16.638709677419353,-4.8032258064516125
2020,5,Romania,1985,16.40967741935484,16.638709677419353,-0.22903225806451388
2020,6,Bulgaria,15171,18.220000000000002,21.39,-3.169999999999998
2020,6,France,7608,18.033333333333335,21.39,-3.3566666666666656
2020,6,Georgia,5208,24.3,21.39,2.91
2020,6,Germany,63268,19.07,21.39,-2.3200000000000003
2020,6,Iran,5680,29.85,21.39,8.46
2020,6,Netherlands,13855,16.903333333333332,21.39,-4.486666666666668
2020,6,Poland,1044,18.970000000000002,21.39,-2.419999999999998
2020,6,Romania,4193,20.953333333333333,21.39,-0.4366666666666674
2020,7,Bulgaria,31924,20.783870967741933,24.200000000000003,-3.4161290322580697
2020,7,France,58540,20.08709677419355,24.200000000000003,-4.112903225806452
2020,7,Georgia,9811,26.5,24.200000000000003,2.299999999999997
2020,7,Germany,199235,18.625806451612902,24.200000000000003,-5.5741935483871
2020,7,Iran,16194,31.725806451612904,24.200000000000003,7.525806451612901
2020,7,Netherlands,64679,16.53548387096774,24.200000000000003,-7.664516129032261
2020,7,Poland,3280,19.4741935483871,24.200000000000003,-4.725806451612904
2020,7,Romania,13889,24.20967741935484,24.200000000000003,0.009677419354837014
2020,8,Bulgaria,79077,21.46451612903226,24.509677419354837,-3.0451612903225787
2020,8,France,47815,21.80322580645161,24.509677419354837,-2.7064516129032263
2020,8,Georgia,14674,22.893548387096775,24.509677419354837,-1.616129032258062
2020,8,Germany,170007,22.293548387096774,24.509677419354837,-2.2161290322580633
2020,8,Iran,16913,29.74516129032258,24.509677419354837,5.2354838709677445
2020,8,Netherlands,37826,19.97741935483871,24.509677419354837,-4.532258064516128
2020,8,Poland,29573,20.64516129032258,24.509677419354837,-3.864516129032257
2020,8,Romania,49785,25.26451612903226,24.509677419354837,0.7548387096774221
2020,9,Bulgaria,232324,18.96333333333333,22.90666666666667,-3.9433333333333387
2020,9,France,25179,18.17,22.90666666666667,-4.736666666666668
2020,9,Georgia,14700,22.0,22.90666666666667,-0.9066666666666698
2020,9,Germany,123147,15.823333333333332,22.90666666666667,-7.0833333333333375
2020,9,Iran,26305,25.993333333333332,22.90666666666667,3.0866666666666625
2020,9,Netherlands,20204,15.336666666666668,22.90666666666667,-7.570000000000002
2020,9,Poland,41096,15.743333333333334,22.90666666666667,-7.163333333333336
2020,9,Romania,57395,20.98,22.90666666666667,-1.9266666666666694
2020,10,Bulgaria,232729,12.838709677419354,18.712903225806453,-5.874193548387099
2020,10,France,39619,12.116129032258065,18.712903225806453,-6.596774193548388
2020,10,Georgia,11823,16.183870967741935,18.712903225806453,-2.529032258064518
2020,10,Germany,124544,11.332258064516129,18.712903225806453,-7.3806451612903246
2020,10,Iran,33795,18.093548387096774,18.712903225806453,-0.619354838709679
2020,10,Netherlands,23047,11.374193548387098,18.712903225806453,-7.338709677419356
2020,10,Poland,27912,10.858064516129033,18.712903225806453,-7.85483870967742
2020,10,Romania,38407,14.674193548387096,18.712903225806453,-4.038709677419357
2020,11,Bulgaria,143269,6.1466666666666665,11.936666666666667,-5.790000000000001
2020,11,France,15525,9.1,11.936666666666667,-2.836666666666668
2020,11,Georgia,10997,8.389999999999999,11.936666666666667,-3.5466666666666686
2020,11,Germany,34489,7.05,11.936666666666667,-4.886666666666668
2020,11,Iran,33512,11.343333333333334,11.936666666666667,-0.5933333333333337
2020,11,Netherlands,16014,9.073333333333332,11.936666666666667,-2.863333333333335
2020,11,Poland,6238,5.866666666666666,11.936666666666667,-6.070000000000001
2020,11,Romania,24035,5.8100000000000005,11.936666666666667,-6.126666666666667
2020,12,Bulgaria,102222,3.667741935483871,10.561290322580644,-6.893548387096773
2020,12,France,23881,6.264516129032257,10.561290322580644,-4.296774193548387
2020,12,Georgia,10557,3.454838709677419,10.561290322580644,-7.106451612903225
2020,12,Germany,47150,3.206451612903226,10.561290322580644,-7.354838709677418
2020,12,Iran,33185,4.635483870967741,10.561290322580644,-5.925806451612903
2020,12,Netherlands,16901,5.361290322580645,10.561290322580644,-5.199999999999999
2020,12,Poland,5436,1.9451612903225806,10.561290322580644,-8.616129032258064
2020,12,Romania,12021,3.835483870967742,10.561290322580644,-6.725806451612902
2021,1,Bulgaria,30693,1.2419354838709677,8.087096774193547,-6.845161290322579
2021,1,France,16960,4.122580645161291,8.087096774193547,-3.9645161290322566
2021,1,Georgia,8919,3.767741935483871,8.087096774193547,-4.3193548387096765
2021,1,Germany,27141,0.7387096774193548,8.087096774193547,-7.348387096774193
2021,1,Iran,37993,4.67741935483871,8.087096774193547,-3.4096774193548374
2021,1,Netherlands,9063,3.383870967741936,8.087096774193547,-4.703225806451611
2021,1,Poland,2386,-1.4451612903225808,8.087096774193547,-9.532258064516128
2021,1,Romania,9154,1.5290322580645161,8.087096774193547,-6.558064516129031
2021,2,Bulgaria,33668,3.4499999999999997,7.121428571428572,-3.671428571428572
2021,2,France,10232,6.103571428571429,7.121428571428572,-1.0178571428571432
2021,2,Georgia,9858,4.928571428571429,7.121428571428572,-2.192857142857143
2021,2,Germany,32787,-0.01428571428571433,7.121428571428572,-7.135714285714286
2021,2,Iran,43413,8.042857142857143,7.121428571428572,0.9214285714285708
2021,2,Netherlands,10852,3.9535714285714287,7.121428571428572,-3.167857142857143
2021,2,Poland,2264,-2.307142857142857,7.121428571428572,-9.428571428571429
2021,2,Romania,13086,3.042857142857143,7.121428571428572,-4.078571428571429
2021,3,Bulgaria,45296,3.4387096774193546,6.832258064516129,-3.393548387096774
2021,3,France,13680,7.264516129032257,6.832258064516129,0.43225806451612847
2021,3,Georgia,13275,5.358064516129032,6.832258064516129,-1.4741935483870972
2021,3,Germany,70969,4.670967741935484,6.832258064516129,-2.161290322580645
2021,3,Iran,71517,12.174193548387096,6.832258064516129,5.341935483870968
2021,3,Netherlands,16124,6.135483870967741,6.832258064516129,-0.6967741935483875
2021,3,Poland,4387,3.1548387096774193,6.832258064516129,-3.6774193548387095
2021,3,Romania,18033,4.151612903225806,6.832258064516129,-2.6806451612903226
2021,4,Bulgaria,49996,7.95,10.876666666666667,-2.9266666666666667
2021,4,France,14499,8.536666666666667,10.876666666666667,-2.34
2021,4,Georgia,14399,13.896666666666667,10.876666666666667,3.0199999999999996
2021,4,Germany,54135,6.506666666666666,10.876666666666667,-4.370000000000001
2021,4,Iran,41461,21.496666666666666,10.876666666666667,10.62
2021,4,Netherlands,16041,6.33,10.876666666666667,-4.546666666666667
2021,4,Poland,9869,6.6899999999999995,10.876666666666667,-4.186666666666667
2021,4,Romania,15756,9.396666666666667,10.876666666666667,-1.4800000000000004
2021,5,Bulgaria,57874,15.370967741935484,17.648387096774194,-2.2774193548387096
2021,5,France,18630,12.361290322580645,17.648387096774194,-5.287096774193548
2021,5,Georgia,18407,18.62258064516129,17.648387096774194,0.9741935483870954
2021,5,Germany,95065,11.993548387096775,17.648387096774194,-5.654838709677419
2021,5,Iran,44398,25.07741935483871,17.648387096774194,7.429032258064517
2021,5,Netherlands,20386,10.62258064516129,17.648387096774194,-7.025806451612903
2021,5,Poland,34394,12.580645161290322,17.648387096774194,-5.0677419354838715
2021,5,Romania,19576,17.041935483870965,17.648387096774194,-0.6064516129032285
2021,6,Bulgaria,114730,18.996666666666666,20.30666666666667,-1.3100000000000023
2021,6,France,40874,18.98,20.30666666666667,-1.326666666666668
2021,6,Georgia,21810,23.42,20.30666666666667,3.1133333333333333
2021,6,Germany,236307,21.046666666666667,20.30666666666667,0.7399999999999984
2021,6,Iran,79551,31.66,20.30666666666667,11.353333333333332
2021,6,Netherlands,34619,17.303333333333335,20.30666666666667,-3.003333333333334
2021,6,Poland,78218,20.263333333333332,20.30666666666667,-0.043333333333336554
2021,6,Romania,72978,20.246666666666666,20.30666666666667,-0.060000000000002274
2021,7,Bulgaria,156721,23.606451612903225,24.76451612903226,-1.1580645161290342
2021,7,France,189274,19.016129032258064,24.76451612903226,-5.748387096774195
2021,7,Georgia,34422,24.941935483870967,24.76451612903226,0.1774193548387082
2021,7,Germany,744372,20.36774193548387,24.76451612903226,-4.396774193548389
2021,7,Iran,113300,32.99354838709677,24.76451612903226,8.229032258064514
2021,7,Netherlands,185894,17.48709677419355,24.76451612903226,-7.27741935483871
2021,7,Poland,117829,22.345161290322583,24.76451612903226,-2.419354838709676
2021,7,Romania,89496,24.83225806451613,24.76451612903226,0.06774193548386975
2021,8,Bulgaria,153430,23.177419354838708,25.251612903225805,-2.074193548387097
2021,8,France,113065,18.322580645161292,25.251612903225805,-6.929032258064513
2021,8,Georgia,29420,26.812903225806455,25.251612903225805,1.5612903225806498
2021,8,Germany,611025,17.570967741935487,25.251612903225805,-7.680645161290318
2021,8,Iran,124402,31.251612903225805,25.251612903225805,6.0
2021,8,Netherlands,116274,16.712903225806453,25.251612903225805,-8.538709677419352
2021,8,Poland,128243,17.283870967741933,25.251612903225805,-7.967741935483872
2021,8,Romania,103447,23.938709677419357,25.251612903225805,-1.3129032258064477
2021,9,Bulgaria,163620,16.973333333333333,20.073333333333334,-3.1000000000000014
2021,9,France,47237,17.736666666666668,20.073333333333334,-2.336666666666666
2021,9,Georgia,31467,19.473333333333336,20.073333333333334,-0.5999999999999979
2021,9,Germany,396872,15.976666666666667,20.073333333333334,-4.096666666666668
2021,9,Iran,152706,28.36,20.073333333333334,8.286666666666665
2021,9,Netherlands,60076,16.176666666666666,20.073333333333334,-3.8966666666666683
2021,9,Poland,116813,13.846666666666666,20.073333333333334,-6.226666666666668
2021,9,Romania,58462,17.436666666666667,20.073333333333334,-2.6366666666666667
2021,10,Bulgaria,171601,9.074193548387097,15.141935483870967,-6.06774193548387
2021,10,France,67109,11.816129032258065,15.141935483870967,-3.325806451612902
2021,10,Georgia,28241,11.716129032258063,15.141935483870967,-3.425806451612903
2021,10,Germany,476370,10.506451612903225,15.141935483870967,-4.635483870967741
2021,10,Iran,155714,18.48709677419355,15.141935483870967,3.345161290322583
2021,10,Netherlands,90007,11.983870967741936,15.141935483870967,-3.1580645161290306
2021,10,Poland,66161,9.600000000000001,15.141935483870967,-5.541935483870965
2021,10,Romania,33222,10.5,15.141935483870967,-4.6419354838709666
2021,11,Bulgaria,159237,7.03,12.516666666666667,-5.486666666666667
2021,11,France,42890,6.303333333333333,12.516666666666667,-6.213333333333335
2021,11,Georgia,30216,8.783333333333333,12.516666666666667,-3.7333333333333343
2021,11,Germany,152026,5.906666666666666,12.516666666666667,-6.610000000000001
2021,11,Iran,136950,10.116666666666667,12.516666666666667,-2.4000000000000004
2021,11,Netherlands,34662,7.793333333333334,12.516666666666667,-4.723333333333334
2021,11,Poland,15983,5.390000000000001,12.516666666666667,-7.126666666666667
2021,11,Romania,36802,7.64,12.516666666666667,-4.876666666666668
2021,12,Bulgaria,265929,1.829032258064516,9.14516129032258,-7.316129032258064
2021,12,France,47043,6.17741935483871,9.14516129032258,-2.96774193548387
2021,12,Georgia,51418,4.432258064516129,9.14516129032258,-4.712903225806451
2021,12,Germany,188146,1.5774193548387097,9.14516129032258,-7.567741935483871
2021,12,Iran,151687,6.735483870967743,9.14516129032258,-2.4096774193548374
2021,12,Netherlands,51603,5.151612903225806,9.14516129032258,-3.993548387096774
2021,12,Poland,8529,-1.0290322580645161,9.14516129032258,-10.174193548387096
2021,12,Romania,26166,2.416129032258065,9.14516129032258,-6.729032258064516
2022,1,Bulgaria,109971,0.11612903225806451,5.283870967741936,-5.167741935483871
2022,1,France,29664,4.219354838709678,5.283870967741936,-1.064516129032258
2022,1,Georgia,39539,2.2129032258064516,5.283870967741936,-3.070967741935484
2022,1,Germany,102572,3.1870967741935483,5.283870967741936,-2.0967741935483875
2022,1,Iran,106957,4.280645161290322,5.283870967741936,-1.0032258064516135
2022,1,Netherlands,34605,5.551612903225807,5.283870967741936,0.2677419354838708
2022,1,Poland,10313,0.6419354838709678,5.283870967741936,-4.641935483870968
2022,1,Romania,22628,1.3774193548387097,5.283870967741936,-3.906451612903226
2022,2,Bulgaria,128798,3.0714285714285716,6.557142857142857,-3.4857142857142853
2022,2,France,48994,6.917857142857143,6.557142857142857,0.36071428571428577
2022,2,Georgia,49987,5.110714285714286,6.557142857142857,-1.4464285714285712
2022,2,Germany,128663,4.675,6.557142857142857,-1.8821428571428571
2022,2,Iran,120475,7.535714285714286,6.557142857142857,0.9785714285714286
2022,2,Netherlands,41470,6.596428571428571,6.557142857142857,0.0392857142857137
2022,2,Poland,10412,3.0321428571428575,6.557142857142857,-3.5249999999999995
2022,2,Romania,26910,3.4464285714285716,6.557142857142857,-3.1107142857142853
2022,3,Bulgaria,169640,2.735483870967742,4.816129032258065,-2.080645161290323
2022,3,France,44629,8.561290322580644,4.816129032258065,3.7451612903225797
2022,3,Georgia,74794,3.083870967741935,4.816129032258065,-1.7322580645161296
2022,3,Germany,187185,4.438709677419355,4.816129032258065,-0.37741935483871014
2022,3,Iran,274815,11.287096774193548,4.816129032258065,6.470967741935484
2022,3,Netherlands,43045,6.980645161290322,4.816129032258065,2.1645161290322577
2022,3,Poland,10980,2.767741935483871,4.816129032258065,-2.048387096774194
2022,3,Romania,33306,3.8451612903225807,4.816129032258065,-0.9709677419354841
2022,4,Bulgaria,270997,10.043333333333333,12.446666666666665,-2.4033333333333324
2022,4,France,53052,10.58,12.446666666666665,-1.8666666666666654
2022,4,Georgia,101127,14.006666666666666,12.446666666666665,1.5600000000000005
2022,4,Germany,395372,8.139999999999999,12.446666666666665,-4.306666666666667
2022,4,Iran,152384,20.546666666666667,12.446666666666665,8.100000000000001
2022,4,Netherlands,114835,9.04,12.446666666666665,-3.4066666666666663
2022,4,Poland,42446,6.85,12.446666666666665,-5.596666666666666
2022,4,Romania,62152,11.456666666666667,12.446666666666665,-0.9899999999999984
2022,5,Bulgaria,266960,16.683870967741935,17.135483870967743,-0.4516129032258078
2022,5,France,85113,16.161290322580644,17.135483870967743,-0.9741935483870989
2022,5,Georgia,130472,15.3,17.135483870967743,-1.8354838709677423
2022,5,Germany,497918,15.503225806451614,17.135483870967743,-1.6322580645161295
2022,5,Iran,184088,22.451612903225808,17.135483870967743,5.316129032258065
2022,5,Netherlands,128956,13.290322580645162,17.135483870967743,-3.845161290322581
2022,5,Poland,100670,14.006451612903225,17.135483870967743,-3.129032258064518
2022,5,Romania,59368,17.719354838709677,17.135483870967743,0.5838709677419338
2022,6,Bulgaria,242196,20.09333333333333,21.540000000000003,-1.4466666666666725
2022,6,France,85465,18.73,21.540000000000003,-2.8100000000000023
2022,6,Georgia,141770,22.413333333333334,21.540000000000003,0.8733333333333313
2022,6,Germany,718838,19.946666666666665,21.540000000000003,-1.5933333333333373
2022,6,Iran,211869,31.223333333333336,21.540000000000003,9.683333333333334
2022,6,Netherlands,100054,16.193333333333335,21.540000000000003,-5.346666666666668
2022,6,Poland,189074,19.48,21.540000000000003,-2.0600000000000023
2022,6,Romania,129760,22.240000000000002,21.540000000000003,0.6999999999999993
2022,7,Bulgaria,250859,22.29032258064516,23.938709677419357,-1.6483870967741971
2022,7,France,225889,21.43548387096774,23.938709677419357,-2.503225806451617
2022,7,Georgia,162839,24.416129032258063,23.938709677419357,0.47741935483870535
2022,7,Germany,962003,20.24516129032258,23.938709677419357,-3.693548387096776
2022,7,Iran,227473,32.06774193548387,23.938709677419357,8.129032258064516
2022,7,Netherlands,266026,17.961290322580645,23.938709677419357,-5.9774193548387125
2022,7,Poland,219608,19.57741935483871,23.938709677419357,-4.361290322580647
2022,7,Romania,131372,24.961290322580645,23.938709677419357,1.0225806451612875
2022,8,Bulgaria,273919,22.009677419354837,24.970967741935485,-2.9612903225806484
2022,8,France,157646,22.03548387096774,24.970967741935485,-2.9354838709677438
2022,8,Georgia,176076,27.0258064516129,24.970967741935485,2.0548387096774157
2022,8,Germany,858265,21.76451612903226,24.970967741935485,-3.2064516129032263
2022,8,Iran,259302,30.45483870967742,24.970967741935485,5.483870967741936
2022,8,Netherlands,204079,19.551612903225806,24.970967741935485,-5.41935483870968
2022,8,Poland,211938,21.46451612903226,24.970967741935485,-3.506451612903227
2022,8,Romania,158114,24.951612903225808,24.970967741935485,-0.01935483870967758
2022,9,Bulgaria,349358,16.73,20.423333333333336,-3.693333333333335
2022,9,France,71724,16.0,20.423333333333336,-4.423333333333336
2022,9,Georgia,184970,21.953333333333333,20.423333333333336,1.5299999999999976
2022,9,Germany,677037,13.72,20.423333333333336,-6.703333333333335
2022,9,Iran,307245,28.220000000000002,20.423333333333336,7.796666666666667
2022,9,Netherlands,115052,14.773333333333333,20.423333333333336,-5.650000000000002
2022,9,Poland,194789,12.639999999999999,20.423333333333336,-7.783333333333337
2022,9,Romania,102099,18.19,20.423333333333336,-2.2333333333333343
2022,10,Bulgaria,326429,12.983870967741936,16.241935483870968,-3.258064516129032
2022,10,France,83332,15.170967741935485,16.241935483870968,-1.0709677419354833
2022,10,Georgia,158901,15.05483870967742,16.241935483870968,-1.1870967741935488
2022,10,Germany,746192,12.651612903225805,16.241935483870968,-3.5903225806451626
2022,10,Iran,185945,21.66774193548387,16.241935483870968,5.425806451612903
2022,10,Netherlands,121118,13.338709677419354,16.241935483870968,-2.903225806451614
2022,10,Poland,108888,11.425806451612903,16.241935483870968,-4.816129032258065
2022,10,Romania,71175,14.151612903225805,16.241935483870968,-2.0903225806451626
2022,11,Bulgaria,232709,8.6,13.656666666666666,-5.056666666666667
2022,11,France,48869,9.423333333333334,13.656666666666666,-4.2333333333333325
2022,11,Georgia,151057,9.663333333333332,13.656666666666666,-3.993333333333334
2022,11,Germany,207340,5.656666666666666,13.656666666666666,-8.0
2022,11,Iran,154643,12.229999999999999,13.656666666666666,-1.4266666666666676
2022,11,Netherlands,36657,8.553333333333335,13.656666666666666,-5.103333333333332
2022,11,Poland,22366,4.136666666666667,13.656666666666666,-9.52
2022,11,Romania,51122,9.09,13.656666666666666,-4.566666666666666
2022,12,Bulgaria,260676,4.016129032258065,10.074193548387097,-6.058064516129032
2022,12,France,51713,4.754838709677419,10.074193548387097,-5.319354838709677
2022,12,Georgia,143281,3.1806451612903226,10.074193548387097,-6.893548387096774
2022,12,Germany,197809,1.4645161290322581,10.074193548387097,-8.609677419354838
2022,12,Iran,145880,5.33225806451613,10.074193548387097,-4.741935483870967
2022,12,Netherlands,38859,3.7161290322580647,10.074193548387097,-6.358064516129032
2022,12,Poland,14419,0.24193548387096772,10.074193548387097,-9.832258064516129
2022,12,Romania,38549,2.835483870967742,10.074193548387097,-7.2387096774193544
2023,1,Bulgaria,167138,3.6193548387096777,8.519354838709678,-4.9
2023,1,France,38286,5.783870967741936,8.519354838709678,-2.735483870967742
2023,1,Georgia,114835,1.9580645161290324,8.519354838709678,-6.561290322580645
2023,1,Germany,139955,4.051612903225807,8.519354838709678,-4.467741935483871
2023,1,Iran,113508,2.487096774193548,8.519354838709678,-6.03225806451613
2023,1,Netherlands,34223,5.609677419354839,8.519354838709678,-2.9096774193548383
2023,1,Poland,16080,3.1806451612903226,8.519354838709678,-5.338709677419355
2023,1,Romania,32444,4.480645161290322,8.519354838709678,-4.038709677419355
2023,2,Bulgaria,150873,2.721428571428571,6.328571428571428,-3.607142857142857
2023,2,France,48978,5.496428571428572,6.328571428571428,-0.8321428571428564
2023,2,Georgia,103820,2.8428571428571425,6.328571428571428,-3.4857142857142858
2023,2,Germany,148169,2.857142857142857,6.328571428571428,-3.471428571428571
2023,2,Iran,112291,4.878571428571428,6.328571428571428,-1.4500000000000002
2023,2,Netherlands,36731,5.682142857142857,6.328571428571428,-0.6464285714285714
2023,2,Poland,16087,1.1214285714285714,6.328571428571428,-5.207142857142857
2023,2,Romania,31480,2.917857142857143,6.328571428571428,-3.410714285714285
2023,3,Bulgaria,205139,6.680645161290323,9.183870967741935,-2.5032258064516126
2023,3,France,42770,8.600000000000001,9.183870967741935,-0.5838709677419338
2023,3,Georgia,129754,10.619354838709677,9.183870967741935,1.435483870967742
2023,3,Germany,216723,5.435483870967742,9.183870967741935,-3.7483870967741932
2023,3,Iran,245991,13.19032258064516,9.183870967741935,4.006451612903225
2023,3,Netherlands,32859,6.564516129032258,9.183870967741935,-2.6193548387096772
2023,3,Poland,18351,4.209677419354839,9.183870967741935,-4.974193548387096
2023,3,Romania,39029,8.012903225806452,9.183870967741935,-1.170967741935483
2023,4,Bulgaria,274806,8.736666666666668,12.1,-3.3633333333333315
2023,4,France,71709,9.620000000000001,12.1,-2.4799999999999986
2023,4,Georgia,123544,12.916666666666666,12.1,0.8166666666666664
2023,4,Germany,461489,7.709999999999999,12.1,-4.390000000000001
2023,4,Iran,151777,18.65666666666667,12.1,6.55666666666667
2023,4,Netherlands,128734,8.336666666666666,12.1,-3.7633333333333336
2023,4,Poland,74322,8.546666666666665,12.1,-3.5533333333333346
2023,4,Romania,61718,10.526666666666667,12.1,-1.5733333333333324
2023,5,Bulgaria,258568,13.725806451612904,15.374193548387098,-1.6483870967741936
2023,5,France,82749,14.419354838709678,15.374193548387098,-0.9548387096774196
2023,5,Georgia,148120,17.154838709677417,15.374193548387098,1.7806451612903196
2023,5,Germany,617617,13.841935483870968,15.374193548387098,-1.53225806451613
2023,5,Iran,170610,24.270967741935483,15.374193548387098,8.896774193548385
2023,5,Netherlands,117933,12.69032258064516,15.374193548387098,-2.683870967741937
2023,5,Poland,164349,13.667741935483871,15.374193548387098,-1.7064516129032263
2023,5,Romania,66569,16.483870967741936,15.374193548387098,1.1096774193548384
2023,6,Bulgaria,250722,18.68,20.81,-2.129999999999999
2023,6,France,82152,20.90666666666667,20.81,0.09666666666667112
2023,6,Georgia,134504,21.456666666666667,20.81,0.6466666666666683
2023,6,Germany,686174,19.38,20.81,-1.4299999999999997
2023,6,Iran,210565,29.836666666666666,20.81,9.026666666666667
2023,6,Netherlands,91656,18.490000000000002,20.81,-2.3199999999999967
2023,6,Poland,242421,18.80666666666667,20.81,-2.0033333333333303
2023,6,Romania,149410,21.59,20.81,0.7800000000000011
2023,7,Bulgaria,265622,24.019354838709678,25.509677419354837,-1.4903225806451594
2023,7,France,217506,20.293548387096774,25.509677419354837,-5.216129032258063
2023,7,Georgia,157322,24.041935483870965,25.509677419354837,-1.4677419354838719
2023,7,Germany,941597,20.125806451612902,25.509677419354837,-5.3838709677419345
2023,7,Iran,249360,32.91290322580645,25.509677419354837,7.403225806451616
2023,7,Netherlands,251687,17.703225806451613,25.509677419354837,-7.806451612903224
2023,7,Poland,272501,20.848387096774193,25.509677419354837,-4.661290322580644
2023,7,Romania,148446,25.758064516129032,25.509677419354837,0.24838709677419502
2023,8,Bulgaria,255466,23.616129032258065,26.006451612903227,-2.3903225806451616
2023,8,France,155831,19.451612903225808,26.006451612903227,-6.554838709677419
2023,8,Georgia,169259,27.190322580645162,26.006451612903227,1.1838709677419352
2023,8,Germany,871270,19.6,26.006451612903227,-6.406451612903226
2023,8,Iran,280951,31.33225806451613,26.006451612903227,5.325806451612902
2023,8,Netherlands,200624,17.229032258064517,26.006451612903227,-8.77741935483871
2023,8,Poland,279040,21.116129032258065,26.006451612903227,-4.890322580645162
2023,8,Romania,171378,25.812903225806455,26.006451612903227,-0.19354838709677225
2023,9,Bulgaria,323927,19.69333333333333,22.540000000000003,-2.846666666666671
2023,9,France,80746,19.63,22.540000000000003,-2.9100000000000037
2023,9,Georgia,161097,19.63,22.540000000000003,-2.9100000000000037
2023,9,Germany,772209,18.883333333333333,22.540000000000003,-3.65666666666667
2023,9,Iran,332093,27.126666666666665,22.540000000000003,4.5866666666666625
2023,9,Netherlands,113611,17.84,22.540000000000003,-4.700000000000003
2023,9,Poland,264574,18.533333333333335,22.540000000000003,-4.006666666666668
2023,9,Romania,121165,21.39333333333333,22.540000000000003,-1.1466666666666718
2023,10,Bulgaria,266052,15.587096774193547,18.161290322580644,-2.574193548387097
2023,10,France,101137,14.370967741935484,18.161290322580644,-3.79032258064516
2023,10,Georgia,133770,15.119354838709677,18.161290322580644,-3.041935483870967
2023,10,Germany,860635,12.093548387096773,18.161290322580644,-6.0677419354838715
2023,10,Iran,220574,20.032258064516128,18.161290322580644,1.870967741935484
2023,10,Netherlands,135273,13.274193548387096,18.161290322580644,-4.887096774193548
2023,10,Poland,144732,11.22258064516129,18.161290322580644,-6.938709677419354
2023,10,Romania,70553,15.787096774193548,18.161290322580644,-2.3741935483870957
2023,11,Bulgaria,222884,7.113333333333333,14.483333333333333,-7.369999999999999
2023,11,France,54339,8.84,14.483333333333333,-5.643333333333333
2023,11,Georgia,125236,11.139999999999999,14.483333333333333,-3.3433333333333337
2023,11,Germany,244005,5.5,14.483333333333333,-8.983333333333333
2023,11,Iran,203618,13.486666666666668,14.483333333333333,-0.9966666666666644
2023,11,Netherlands,39778,7.803333333333333,14.483333333333333,-6.68
2023,11,Poland,29049,3.8266666666666667,14.483333333333333,-10.656666666666666
2023,11,Romania,54832,8.196666666666667,14.483333333333333,-6.286666666666665
2023,12,Bulgaria,251895,3.561290322580645,10.241935483870968,-6.6806451612903235
2023,12,France,55621,7.309677419354839,10.241935483870968,-2.9322580645161294
2023,12,Georgia,132716,6.296774193548386,10.241935483870968,-3.9451612903225817
2023,12,Germany,233416,3.6225806451612903,10.241935483870968,-6.619354838709677
2023,12,Iran,213156,9.05483870967742,10.241935483870968,-1.1870967741935488
2023,12,Netherlands,49111,6.570967741935483,10.241935483870968,-3.6709677419354847
2023,12,Poland,17617,1.567741935483871,10.241935483870968,-8.674193548387096
2023,12,Romania,42981,3.8870967741935485,10.241935483870968,-6.35483870967742
2024,1,Bulgaria,162414,0.7387096774193548,7.429032258064517,-6.690322580645162
2024,1,France,40751,3.9419354838709677,7.429032258064517,-3.487096774193549
2024,1,Georgia,97296,3.3419354838709676,7.429032258064517,-4.087096774193549
2024,1,Germany,142825,1.2161290322580645,7.429032258064517,-6.2129032258064525
2024,1,Iran,211801,6.790322580645161,7.429032258064517,-0.6387096774193557
2024,1,Netherlands,35516,3.9064516129032256,7.429032258064517,-3.522580645161291
2024,1,Poland,19417,-0.5129032258064515,7.429032258064517,-7.941935483870968
2024,1,Romania,34246,0.7483870967741936,7.429032258064517,-6.6806451612903235
2024,2,Bulgaria,182887,6.272413793103448,9.275862068965518,-3.0034482758620697
2024,2,France,57081,8.73448275862069,9.275862068965518,-0.5413793103448281
2024,2,Georgia,110010,4.73103448275862,9.275862068965518,-4.544827586206898
2024,2,Germany,187946,6.572413793103448,9.275862068965518,-2.70344827586207
2024,2,Iran,226104,5.875862068965517,9.275862068965518,-3.4000000000000004
2024,2,Netherlands,50112,7.76551724137931,9.275862068965518,-1.5103448275862075
2024,2,Poland,20457,5.662068965517241,9.275862068965518,-3.613793103448277
2024,2,Romania,45975,7.458620689655173,9.275862068965518,-1.817241379310345
2024,3,Bulgaria,229932,8.248387096774193,9.577419354838709,-1.3290322580645153
2024,3,France,47970,9.029032258064515,9.577419354838709,-0.548387096774194
2024,3,Georgia,122179,7.335483870967742,9.577419354838709,-2.241935483870966
2024,3,Germany,357296,7.535483870967742,9.577419354838709,-2.041935483870967
2024,3,Iran,309654,10.119354838709677,9.577419354838709,0.5419354838709687
2024,3,Netherlands,36289,8.448387096774193,9.577419354838709,-1.129032258064516
2024,3,Poland,29428,6.432258064516129,9.577419354838709,-3.145161290322579
2024,3,Romania,50119,8.216129032258063,9.577419354838709,-1.3612903225806452
2024,4,Bulgaria,282865,13.78,15.293333333333333,-1.5133333333333336
2024,4,France,98275,11.05,15.293333333333333,-4.243333333333332
2024,4,Georgia,119585,16.763333333333332,15.293333333333333,1.4699999999999989
2024,4,Germany,434863,10.866666666666667,15.293333333333333,-4.426666666666666
2024,4,Iran,198878,18.220000000000002,15.293333333333333,2.9266666666666694
2024,4,Netherlands,137846,10.083333333333334,15.293333333333333,-5.209999999999999
2024,4,Poland,96843,10.956666666666667,15.293333333333333,-4.336666666666666
2024,4,Romania,73455,14.889999999999999,15.293333333333333,-0.4033333333333342
2024,5,Bulgaria,260607,14.76774193548387,15.66451612903226,-0.8967741935483886
2024,5,France,99672,14.45483870967742,15.66451612903226,-1.2096774193548399
2024,5,Georgia,138913,16.12258064516129,15.66451612903226,0.45806451612902954
2024,5,Germany,729505,16.88064516129032,15.66451612903226,1.2161290322580616
2024,5,Iran,221257,22.0258064516129,15.66451612903226,6.361290322580642
2024,5,Netherlands,148386,15.05483870967742,15.66451612903226,-0.6096774193548402
2024,5,Poland,228042,17.45483870967742,15.66451612903226,1.790322580645162
2024,5,Romania,94567,16.30322580645161,15.66451612903226,0.6387096774193513
2024,6,Bulgaria,271822,23.096666666666668,24.45,-1.3533333333333317
2024,6,France,85546,16.503333333333334,24.45,-7.946666666666665
2024,6,Georgia,127184,23.336666666666666,24.45,-1.1133333333333333
2024,6,Germany,614727,17.973333333333336,24.45,-6.476666666666663
2024,6,Iran,274471,29.743333333333332,24.45,5.293333333333333
2024,6,Netherlands,102721,15.163333333333332,24.45,-9.286666666666667
2024,6,Poland,292534,19.65,24.45,-4.800000000000001
2024,6,Romania,157284,25.376666666666665,24.45,0.9266666666666659
2024,7,Bulgaria,232544,25.351612903225806,26.154838709677417,-0.8032258064516107
2024,7,France,208883,19.741935483870968,26.154838709677417,-6.412903225806449
2024,7,Georgia,140860,25.383870967741935,26.154838709677417,-0.7709677419354826
2024,7,Germany,1035466,20.345161290322583,26.154838709677417,-5.809677419354834
2024,7,Iran,312554,32.86774193548387,26.154838709677417,6.712903225806453
2024,7,Netherlands,261229,17.44516129032258,26.154838709677417,-8.709677419354836
2024,7,Poland,319552,21.906451612903226,26.154838709677417,-4.2483870967741915
2024,7,Romania,169511,27.616129032258065,26.154838709677417,1.4612903225806484
2024,8,Bulgaria,248756,24.361290322580647,25.083870967741937,-0.7225806451612904
2024,8,France,156142,20.4741935483871,25.083870967741937,-4.609677419354838
2024,8,Georgia,147905,25.032258064516128,25.083870967741937,-0.05161290322580925
2024,8,Germany,882703,21.44193548387097,25.083870967741937,-3.6419354838709666
2024,8,Iran,347128,32.95161290322581,25.083870967741937,7.8677419354838705
2024,8,Netherlands,183511,18.94193548387097,25.083870967741937,-6.1419354838709666
2024,8,Poland,321680,20.825806451612905,25.083870967741937,-4.258064516129032
2024,8,Romania,208156,26.57741935483871,25.083870967741937,1.493548387096773
2024,9,Bulgaria,304265,17.923333333333336,21.776666666666664,-3.853333333333328
2024,9,France,81700,15.586666666666668,21.776666666666664,-6.189999999999996
2024,9,Georgia,127763,20.513333333333332,21.776666666666664,-1.2633333333333319
2024,9,Germany,772162,17.48,21.776666666666664,-4.296666666666663
2024,9,Iran,380050,26.35,21.776666666666664,4.573333333333338
2024,9,Netherlands,119859,15.816666666666666,21.776666666666664,-5.959999999999997
2024,9,Poland,295754,18.033333333333335,21.776666666666664,-3.7433333333333287
2024,9,Romania,142269,20.15666666666667,21.776666666666664,-1.619999999999994
2024,10,Bulgaria,277169,12.525806451612903,16.351612903225806,-3.8258064516129036
2024,10,France,100903,13.338709677419354,16.351612903225806,-3.0129032258064523
2024,10,Georgia,112713,13.135483870967741,16.351612903225806,-3.216129032258065
2024,10,Germany,925928,11.448387096774193,16.351612903225806,-4.903225806451614
2024,10,Iran,281470,18.774193548387096,16.351612903225806,2.4225806451612897
2024,10,Netherlands,139016,12.148387096774194,16.351612903225806,-4.203225806451613
2024,10,Poland,185212,10.093548387096773,16.351612903225806,-6.258064516129034
2024,10,Romania,91312,13.229032258064517,16.351612903225806,-3.122580645161289
2024,11,Bulgaria,232050,3.9566666666666666,11.296666666666665,-7.339999999999998
2024,11,France,52747,8.33,11.296666666666665,-2.966666666666665
2024,11,Georgia,112246,7.47,11.296666666666665,-3.8266666666666653
2024,11,Germany,281569,5.323333333333333,11.296666666666665,-5.973333333333332
2024,11,Iran,258918,12.379999999999999,11.296666666666665,1.083333333333334
2024,11,Netherlands,40813,7.25,11.296666666666665,-4.046666666666665
2024,11,Poland,36435,4.056666666666667,11.296666666666665,-7.239999999999998
2024,11,Romania,52537,4.763333333333334,11.296666666666665,-6.533333333333331
2024,12,Bulgaria,233270,2.270967741935484,9.212903225806452,-6.941935483870967
2024,12,France,58710,6.029032258064516,9.212903225806452,-3.1838709677419352
2024,12,Georgia,109534,3.448387096774194,9.212903225806452,-5.764516129032257
2024,12,Germany,255622,3.693548387096774,9.212903225806452,-5.519354838709678
2024,12,Iran,255567,4.577419354838709,9.212903225806452,-4.635483870967742
2024,12,Netherlands,47964,6.503225806451613,9.212903225806452,-2.709677419354839
2024,12,Poland,21632,2.7774193548387096,9.212903225806452,-6.435483870967742
2024,12,Romania,53927,3.6806451612903226,9.212903225806452,-5.532258064516129
2025,1,Bulgaria,165792,1.9516129032258065,8.206451612903226,-6.25483870967742
2025,1,France,42645,4.103225806451613,8.206451612903226,-4.103225806451613
2025,1,Georgia,93115,4.012903225806451,8.206451612903226,-4.193548387096775
2025,1,Germany,150558,2.235483870967742,8.206451612903226,-5.9709677419354845
2025,1,Iran,240643,5.070967741935483,8.206451612903226,-3.135483870967743
2025,1,Netherlands,36373,3.770967741935484,8.206451612903226,-4.435483870967742
2025,1,Poland,21688,2.07741935483871,8.206451612903226,-6.129032258064516
2025,1,Romania,45334,3.674193548387097,8.206451612903226,-4.53225806451613
2025,2,Bulgaria,150280,-0.6892857142857143,4.235714285714286,-4.925
2025,2,France,60593,4.875,4.235714285714286,0.6392857142857142
2025,2,Georgia,74922,1.4821428571428572,4.235714285714286,-2.7535714285714286
2025,2,Germany,179512,0.6107142857142857,4.235714285714286,-3.625
2025,2,Iran,223222,4.410714285714286,4.235714285714286,0.17499999999999982
2025,2,Netherlands,46758,3.7821428571428575,4.235714285714286,-0.4535714285714283
2025,2,Poland,26875,-0.7928571428571428,4.235714285714286,-5.0285714285714285
2025,2,Romania,50768,-2.310714285714286,4.235714285714286,-6.546428571428572
2025,3,Bulgaria,190341,7.974193548387096,11.37741935483871,-3.403225806451613
2025,3,France,44545,8.30967741935484,11.37741935483871,-3.0677419354838698
2025,3,Georgia,98069,9.738709677419354,11.37741935483871,-1.6387096774193548
2025,3,Germany,241995,6.216129032258064,11.37741935483871,-5.161290322580645
2025,3,Iran,269020,12.729032258064517,11.37741935483871,1.3516129032258082
2025,3,Netherlands,34861,6.919354838709677,11.37741935483871,-4.458064516129032
2025,3,Poland,29257,6.538709677419354,11.37741935483871,-4.838709677419355
2025,3,Romania,51846,9.312903225806451,11.37741935483871,-2.064516129032258
2025,4,Bulgaria,242602,10.056666666666667,11.120000000000001,-1.0633333333333344
2025,4,France,95637,13.44,11.120000000000001,2.3199999999999985
2025,4,Georgia,105876,11.773333333333333,11.120000000000001,0.6533333333333324
2025,4,Germany,571042,11.96,11.120000000000001,0.8399999999999999
2025,4,Iran,213587,20.69333333333333,11.120000000000001,9.57333333333333
2025,4,Netherlands,158389,10.893333333333334,11.120000000000001,-0.22666666666666657
2025,4,Poland,102512,11.816666666666666,11.120000000000001,0.6966666666666654
2025,4,Romania,82098,11.979999999999999,11.120000000000001,0.8599999999999977
2025,5,Bulgaria,252154,14.22258064516129,17.567741935483873,-3.345161290322583
2025,5,France,98678,15.970967741935485,17.567741935483873,-1.596774193548388
2025,5,Georgia,130482,17.364516129032257,17.567741935483873,-0.20322580645161636
2025,5,Germany,597348,13.80967741935484,17.567741935483873,-3.758064516129034
2025,5,Iran,232720,27.4,17.567741935483873,9.832258064516125
2025,5,Netherlands,127758,13.73225806451613,17.567741935483873,-3.835483870967744
2025,5,Poland,237377,12.158064516129032,17.567741935483873,-5.409677419354841
2025,5,Romania,85340,16.112903225806452,17.567741935483873,-1.4548387096774213
2025,6,Bulgaria,248347,21.896666666666665,23.483333333333334,-1.5866666666666696
2025,6,France,88461,21.426666666666666,23.483333333333334,-2.0566666666666684
2025,6,Georgia,113473,21.19,23.483333333333334,-2.293333333333333
2025,6,Germany,683122,19.696666666666665,23.483333333333334,-3.786666666666669
2025,6,Iran,180708,29.453333333333333,23.483333333333334,5.969999999999999
2025,6,Netherlands,100114,17.683333333333334,23.483333333333334,-5.800000000000001
2025,6,Poland,285975,18.65,23.483333333333334,-4.833333333333336
2025,6,Romania,159549,24.38,23.483333333333334,0.8966666666666647
2025,7,Bulgaria,231731,24.40967741935484,26.783870967741933,-2.374193548387094
2025,7,France,204146,20.69677419354839,26.783870967741933,-6.087096774193544
2025,7,Georgia,126948,25.958064516129035,26.783870967741933,-0.8258064516128982
2025,7,Germany,987176,19.55806451612903,26.783870967741933,-7.225806451612904
2025,7,Iran,253533,33.170967741935485,26.783870967741933,6.387096774193552
2025,7,Netherlands,261086,18.67096774193548,26.783870967741933,-8.112903225806452
2025,7,Poland,329179,19.774193548387096,26.783870967741933,-7.009677419354837
2025,7,Romania,160316,27.258064516129032,26.783870967741933,0.47419354838709893
2025,8,Bulgaria,265338,22.283870967741933,25.299999999999997,-3.016129032258064
2025,8,France,162027,20.84193548387097,25.299999999999997,-4.458064516129028
2025,8,Georgia,132409,26.690322580645162,25.299999999999997,1.3903225806451651
2025,8,Germany,989839,18.851612903225806,25.299999999999997,-6.448387096774191
2025,8,Iran,331535,32.5,25.299999999999997,7.200000000000003
2025,8,Netherlands,169200,18.11935483870968,25.299999999999997,-7.180645161290318
2025,8,Poland,325552,19.280645161290323,25.299999999999997,-6.019354838709674
2025,8,Romania,200265,25.229032258064517,25.299999999999997,-0.07096774193547972
2025,9,Bulgaria,291776,19.256666666666664,21.290000000000003,-2.0333333333333385
2025,9,France,81720,15.889999999999999,21.290000000000003,-5.400000000000004
2025,9,Georgia,122097,19.003333333333334,21.290000000000003,-2.286666666666669
2025,9,Germany,817182,15.683333333333334,21.290000000000003,-5.606666666666669
2025,9,Iran,339413,27.153333333333332,21.290000000000003,5.86333333333333
2025,9,Netherlands,117085,15.156666666666666,21.290000000000003,-6.133333333333336
2025,9,Poland,298133,16.243333333333332,21.290000000000003,-5.04666666666667
2025,9,Romania,129928,20.416666666666668,21.290000000000003,-0.8733333333333348
2025,10,Bulgaria,272125,9.661290322580646,15.864516129032259,-6.203225806451613
2025,10,France,106115,12.580645161290322,15.864516129032259,-3.2838709677419367
2025,10,Georgia,116205,14.306451612903226,15.864516129032259,-1.5580645161290327
2025,10,Germany,983346,10.251612903225807,15.864516129032259,-5.612903225806452
2025,10,Iran,268102,21.606451612903225,15.864516129032259,5.741935483870966
2025,10,Netherlands,134354,12.16451612903226,15.864516129032259,-3.6999999999999993
2025,10,Poland,195778,8.696774193548388,15.864516129032259,-7.167741935483871
2025,10,Romania,93785,11.274193548387096,15.864516129032259,-4.590322580645163
2025,11,Bulgaria,239627,8.126666666666667,14.836666666666668,-6.710000000000001
2025,11,France,54871,8.776666666666667,14.836666666666668,-6.0600000000000005
2025,11,Georgia,107936,10.586666666666668,14.836666666666668,-4.25
2025,11,Germany,278393,5.213333333333334,14.836666666666668,-9.623333333333335
2025,11,Iran,242804,13.223333333333333,14.836666666666668,-1.613333333333335
2025,11,Netherlands,40601,7.753333333333333,14.836666666666668,-7.083333333333335
2025,11,Poland,39986,4.116666666666666,14.836666666666668,-10.720000000000002
2025,11,Romania,57398,8.676666666666668,14.836666666666668,-6.16
2025,12,Bulgaria,258244,3.0064516129032257,8.941935483870967,-5.935483870967742
2025,12,France,61165,6.72258064516129,8.941935483870967,-2.219354838709677
2025,12,Georgia,106352,4.329032258064516,8.941935483870967,-4.612903225806451
2025,12,Germany,265677,3.116129032258064,8.941935483870967,-5.825806451612904
2025,12,Iran,254908,6.6,8.941935483870967,-2.3419354838709676
2025,12,Netherlands,48998,6.093548387096774,8.941935483870967,-2.848387096774193
2025,12,Poland,22646,2.3225806451612905,8.941935483870967,-6.619354838709677
2025,12,Romania,57980,3.1193548387096777,8.941935483870967,-5.82258064516129
